{"churn":{"changes":[{"file_path":"TBC/config/routes.rb","times_changed":45},{"file_path":"TBC/app/controllers/reservas_controller.rb","times_changed":17},{"file_path":"TBC/app/controllers/conductores_controller.rb","times_changed":15},{"file_path":"TBC/app/controllers/tranvias_controller.rb","times_changed":14},{"file_path":"TBC/docs/Atributos.txt","times_changed":14},{"file_path":"TBC/app/assets/javascripts/adminscript.js","times_changed":13},{"file_path":"TBC/app/controllers/mobibuses_controller.rb","times_changed":13},{"file_path":"TBC/app/controllers/estaciones_controller.rb","times_changed":13},{"file_path":"TBC/app/controllers/vcubs_controller.rb","times_changed":12},{"file_path":"TBC/app/views/layouts/application.html.erb","times_changed":11},{"file_path":"TBC/app/views/shared/_nav.html.erb","times_changed":10},{"file_path":"TBC/db/schema.rb","times_changed":10}],"class_churn":[],"method_churn":[],"changed_files":["TBC/app/assets/javascripts/adminscript.js"],"changed_classes":[],"changed_methods":[]}}